code,system
C10B.00,readv2
C11y000,readv2
C10H.00,readv2
C10B000,readv2
8CE0000,readv2
L180811,readv2
ZC2CB00,readv2
66Ay.00,readv2
ZV13F00,readv2
L180900,readv2
C105y00,readv2
Cyu2000,readv2
C104y00,readv2
Q44B.00,readv2
C108y00,readv2
C10yy00,readv2
C103y00,readv2
C106y00,readv2
C101y00,readv2
C10zy00,readv2
Q440.00,readv2
C10G.00,readv2
C10G000,readv2
K081000,readv2
K081.00,readv2
K01x100,readv2
Q441.00,readv2
C10A.00,readv2
C10N100,readv2
L180700,readv2
C10A000,readv2
C10A100,readv2
C10D.11,readv2
C10C.11,readv2
C10C.12,readv2
F381300,readv2
C10y000,readv2
C10yz00,readv2
C10y.00,readv2
C10y100,readv2
C135000,readv2
PKyP.00,readv2
C135.00,readv2
C135.12,readv2
C10N000,readv2
8Hgd.00,readv2
C10N.00,readv2
C164.00,readv2
C164.13,readv2
Q44y100,readv2
R003.00,readv2